{"position":{"x":-55.02013397216797,"y":46.30220031738281,"z":-257.25347900390627},"rotation":{"x":-0.001625827164389193,"y":0.9260510206222534,"z":0.3773740231990814,"w":0.0039796181954443459}}