{"position":{"x":-26.249996185302736,"y":39.0,"z":-199.79913330078126},"rotation":{"x":0.0,"y":0.0,"z":0.0,"w":1.0}}