{"position":{"x":-11.60120677947998,"y":49.83000183105469,"z":-199.8117218017578},"rotation":{"x":0.0,"y":0.0,"z":0.0,"w":1.0}}