{"position":{"x":-3.533594846725464,"y":39.0,"z":-199.71542358398438},"rotation":{"x":0.0,"y":0.0,"z":0.0,"w":1.0}}