{"position":{"x":42.96717071533203,"y":87.32051086425781,"z":191.6262969970703},"rotation":{"x":0.0,"y":-0.3712746798992157,"z":0.0,"w":0.9285231232643127}}