{"position":{"x":-6.703834056854248,"y":39.0,"z":-203.2993927001953},"rotation":{"x":0.0,"y":0.0,"z":0.0,"w":1.0}}