{"position":{"x":-16.274494171142579,"y":49.720001220703128,"z":-203.51327514648438},"rotation":{"x":0.0,"y":0.0,"z":0.0,"w":1.0}}