{"position":{"x":-99.45763397216797,"y":39.0,"z":-34.02975845336914},"rotation":{"x":0.0,"y":0.0,"z":0.0,"w":1.0}}