{"position":{"x":-14.869701385498047,"y":49.83000183105469,"z":-202.18630981445313},"rotation":{"x":0.0,"y":0.0000034913930448965404,"z":0.0,"w":1.0}}