{"position":{"x":61.46751403808594,"y":101.16336059570313,"z":182.97872924804688},"rotation":{"x":0.0,"y":-0.8682572841644287,"z":0.0,"w":0.49611422419548037}}