{"position":{"x":-28.736364364624025,"y":54.743896484375,"z":-196.5196533203125},"rotation":{"x":0.0,"y":0.8382434844970703,"z":0.0,"w":0.5452961325645447}}