{"position":{"x":59.71699523925781,"y":102.64048767089844,"z":191.46292114257813},"rotation":{"x":0.0,"y":0.7283432483673096,"z":0.0,"w":-0.6852125525474548}}