{"position":{"x":1.4157543182373047,"y":75.0,"z":-32.16328430175781},"rotation":{"x":0.0,"y":0.0,"z":0.0,"w":1.0}}