{"position":{"x":58.20988464355469,"y":100.82173919677735,"z":182.5408477783203},"rotation":{"x":0.0,"y":-0.8051236867904663,"z":0.0,"w":0.5931070446968079}}