{"position":{"x":-26.666149139404298,"y":39.0,"z":-197.49197387695313},"rotation":{"x":0.0,"y":0.0,"z":0.0,"w":1.0}}