{"position":{"x":18.772464752197267,"y":75.0,"z":51.517032623291019},"rotation":{"x":0.0,"y":0.9585143327713013,"z":0.0,"w":-0.28504443168640139}}