{"position":{"x":-3.023873805999756,"y":39.0,"z":-200.05426025390626},"rotation":{"x":0.0,"y":0.0,"z":0.0,"w":1.0}}