{"player":{"position":{"x":21.2467022,"y":85.84081,"z":-216.177078,"normalized":{"x":0.09096699,"y":0.367524356,"z":-0.925554335,"magnitude":1.0,"sqrMagnitude":1.0},"magnitude":233.564972,"sqrMagnitude":54552.5977},"rotation":{"x":0.0,"y":0.0203210954,"z":0.0,"w":0.9997936,"eulerAngles":{"x":0.0,"y":2.32878613,"z":0.0,"normalized":{"x":0.0,"y":1.0,"z":0.0,"magnitude":1.0,"sqrMagnitude":1.0},"magnitude":2.32878613,"sqrMagnitude":5.423245}}}}